"","ShoeName","ratings","Price"
"1","Men's Running Shoes","93,196","589"
"2","Men's Tarzan-11 White Casual Sneaker High-Neck Shoes with Lightweight Extra Cushion Lace-Up Shoes for Men's & Boy's…","124","759"
"3","Men's Moonwalk-01 Sports Walking,Running & Gym Shoes with Eva Sole Extra Jump Casual Slip-on Shoes for Men's & Boy's…","1,971","574"
"4","Men's Casual Shoes Boy's","16,336","624"
"5","Delta-20 Men's Wonder Sports Running,Walking & Gym Shoes with Casual Sneaker Lightweight Lace-Up Shoes for Men's & Boy's","3,524","799"
"6","Men's Thar-01 Sports Running,Walking & Gym Shoes with Eva Sole Extra Jump Casual Sneaker Shoes for Men's & Boy's","3,856","649"
"7","Men's Running Shoes","8,465","599"
"8","Running Shoes Gym For Men","7,354","589"
"9","Men's Superwalk-08 Sport Running,Walking,Gym Shoes Lightweight with Extra max Cushion | Memory Foam Insole Shoes for Men's & Boy's","1,533","699"
"10","Men's CAPTAIN-13 Sports Running,Walking & Gym Shoes with Lightweight Eva Sole with Casual Sneaker Shoes for Men's & Boy's","2,729","639"
"11","Men's Delta-21 Running Shoes for Men I Sport Shoes for Boys with Eva Sole for Extra Jump I Casual Shoes for Men","825","739"
"12","Men's TARZAN-05 Casual White Sneaker High Neck Shoes for Men I Walking & Gym Shoes for Boys with Lightweight Extra Jump I Casual Lace-Up Shoes for Men","26","654"
"13","Men's NEXON-13 Sports Running,Walking,Gym Shoes with Lightweight Eva Sole with Casual Sneaker Shoes for Men's & Boy's","159","649"
"14","Shoes For Men I Boys With","297","599"
"15","Men's Wind-04 Sports Walking,Running & Gym Shoes with Eva Sole Casual Lightweight Slip-On Shoes for Men's & Boy's","563","629"
"16","TARZAN-04 Men's Casual White Sneaker Shoes with Synthetic Upper | Lightweight Lace-Up Shoes for Men's & Boy's","353","709"
"17","Men's Casual Shoes","4,539","639"
"18","Men's Cosko Sports Running,Walking,Gym,Training Sneaker Lace-Up Shoes for Men's & Boy's","24,219","599"
"19","Men's Running Shoes","3,948","699"
"20","Men's Everest-01 Sports Trekking & Hiking,Walking Shoes with Rubber Outsole & Memory Foam Insole Lace-Up Shoes for Men's & Boy's","525","1,039"
"21","Men's Thunder-01 Casual Sneaker Colour Changing Shoes with Extra Cushion Lightwight Lace-Up Shoes for Men's & Boy's","455","739"
"22","Men's Express-08 Sports Running,Walking,Gym,Training,Casual Sneaker Lace-Up Lightweight Shoes for Men's & Boy's","2,242","699"
"23","Men's Thunder-34 White Casual Sneaker High-Neck Shoes with Lightweight Extra Cushion Lace-Up Shoes for Men's & Boy's","18","679"
"24","Men's Newton-09 Sports Running,Walking & Gym Shoes with SoleFlex Technology Casual Sneaker Shoes for Men's & Boy's","411","639"
"25","Men's Achiever-15 Latest Stylish Casual Sneaker,Lace-up Lightweight with Extra Cushion Shoes for Running, Walking, Gym Shoes for Men's & Boy's","719","539"
"26","Men's Casual Shoes","8,006","1,117"
"27","Men's Gym Running Shoes","13,813","639"
"28","Crystal-13 Sports Running,Walking & Gym Shoes with Crystal Cushion Technology Lightweight Casual Sneaker Shoes for Men's & Boy's","2,694","1,299"
"29","Men's Chrome-02 Sports Running,Walking & Gym Shoes with Max Cushion Technology with Memory Form Casual Sneaker Shoes for Men's & Boy's","785","1,117"
"30","Men's Thunder-05 White Casual Sneaker Shoes with Lightweight Max Extra Comfort Lace-Up Shoes for Men's & Boy's","8","639"
"31","Men's Walking Shoes","6,977","589"
"32","Men's First Walker Shoe","4,610","699"
"33","Men's AIRWEAVE-02 Sports Running,Walking,Gym Shoes with Lightweight Phylon Sole with Memory Foam Casual Sneaker Shoes for Men's & Boy's…","113","1,439"
"34","Carnival-02 Men's High Top Casual Chunky Fashion Sneakers,Dancing Shoes | Basketball Shoes with Rubber Outsole for Boys","235","999"
"35","Men's Running Shoes","17,015","699"
"36","Men's Infinity-06 Running,Walking,Gym,Training,Casual Slip-On Sports Sandals For Boy's","433","589"
"37","Men's Casual Shoes","2,116","649"
"38","Men's Chrome-01 Sports Running,Walking & Gym Shoes with Casual Sneaker Shoes for Men's & Boy's","186","1,299"
"39","Shoes Casual For Men","4,890","624"
"40","mens Future-01","500","599"
"41","mens F-04 First Walker Shoe","5,397","649"
"42","Mens Hattrick-27 Loafer","1,016","739"
"43","Men's Boy's Thong Sandal","1,332","464"
"44","Men's Bullet-13 Sports Running Shoes Walking,Gym Casual Sneaker Lace-Up Lightweight Shoes for Gym","6,670","624"
"45","Men's Skypee-31 Sports Running Shoes & Walking,Gym Shoes l Casual Sneaker Shoes for Men's & Boy's","2,381","624"
"46","Men's INNOVA-04 Sports Running,Walking & Gym Shoes with Max Cushion Technology Casual Sneaker Shoes for Men's & Boy's","1,887","1,039"
"47","Men's Carbon-02 Sports Running,Walking & Gym Shoes with Carbon Cushion Technology Phylon Sole with Memory Form Casual Sneaker Shoes for Men's & Boy's","547","1,117"
"48","Orignal WONDER-13 Kids Sports Walking Shoes, Running Shoes, Sports Shoes, Casual Shoes for Kid's","351","599"
